基本契約番号,登録スコア
6b78036108,97
2af1f87a49,97
6ccf2256c0,97
8d01e4b18c,97
7c8a2e39d1,97
28551cbf7b,97
6a5d7a948d,97
4340998584,97
2a9e1a7d37,97
7f11f86374,97
ea7d59da00,97
8e3216bb0c,97
a279d9ca15,97
16296bc5bf,97
b5760dee23,97
0e7fb95d29,97
00a0e9d103,97
a8801a753d,97
eb87a4f3f0,97
810c2e9868,97
7ddeb87edc,97
6ebf9787bc,97
1d43e8f973,97
194d976ff3,97
ce7c416bad,97
29186db377,97
75dca5d16e,97
5f034df1e4,97
ddb00c1fb2,97
aa1c5a0821,97
60d76960c7,97
5a0cc0c231,97
650c97a279,97
6f3f448745,97
b522be12eb,97
93ce1ffb06,97
0c67ab0d6a,97
4ea2ef6d2b,97
143b06ff47,97
0ce1f0e9a3,97
c7a58e187e,97
65565084aa,97
ca1dfd692b,97
9760fecfc8,97
70b69563d6,96
c258610e53,96
571c3b5ba5,96
80dc605c77,96
2e0d3909bc,96
482ba0b845,96
0a213c2c92,96
4a073ba35c,96
e954d9122e,96
e5cd2e345f,96
84cf0b1a0e,96
6e35ef3ee8,96
63e659c3b5,96
9720e2af94,96
028cad9a44,96
b138d55335,96
0e077e3c54,96
2a2ebaea6e,96
844a7ff225,96
a027454cb9,96
d243c0e2aa,96
903ce5856e,96
45fdd9bf05,96
dcdf6543d4,96
7424cc1655,96
92e9ad826a,96
1615ec3b6f,96
7235816947,96
c1da325dd1,96
e4c7884164,96
14f1528f5a,95
d9d8110dc0,95
4923fc80ab,95
3dd36b3fff,95
64d0d25357,95
a707bb2e68,95
9f4a72ca6b,95
0849befc75,95
4f95dcb219,95
5bec751145,95
ca8d5b1c13,95
4395b56cab,95
e629173ad1,95
69343ee337,95
4a97648eb7,95
95415f54ff,95
07275b3806,95
54cfb7ac55,95
13f3c17e08,95
a91978d01e,95
8dfaf90294,95
d5da227623,95
9bc90e82ca,95
982cb7d7b1,95
df035c7664,95
dd85dc18cb,95
55cc128492,95
eefb416bdd,95
36d7a86769,95
8ecaa725a4,95
e47d6e5ad7,95
3c6f575131,95
bbce7ffa30,95
946532c063,95
f99b32adf8,95
e8eb2df98b,95
56d2ed9f13,95
c90b304d86,95
a9a8412136,95
ce392d1652,94
add9e17a36,94
bcb2f98b13,94
97381b45a2,94
fd3644523b,94
d74c969cce,94
9230b3d864,94
08ab4420a8,94
bac3c33da0,94
afe4d69768,94
eeb8bc7465,94
74f623b4e8,94
52b445c592,94
80ae6f173c,94
ab223aeeea,94
42bdef43a8,94
c2fba16d82,94
0fdd3a577f,94
5f38a8c49f,94
af2f01eabb,94
c578c563f4,94
415e32312b,94
859048d177,94
1cccb762e3,94
30a27edda3,94
706c5abce3,94
74b7f2aa6b,94
7e4b273575,94
12ae5b6466,94
12cd8e57a8,94
74f8cc9edb,93
3a74f9d983,93
83069bff18,93
0330abe68e,93
4f4ca4fa6c,93
b3b62a0c2b,93
07812768d5,93
46f774ffee,93
5328ff840c,93
083fab09af,93
05e5c41405,93
a989e4cae1,93
496c2d0df4,93
2ad983ebbc,93
a66668080a,93
fcf990c417,93
7bbe932c7e,93
4e7fd9b84c,93
dd0cdab655,93
824b14f824,93
3bd33e0210,93
0aa2d035f2,93
a08325d7fb,93
7397b30faa,93
d7aee55504,93
05c3ea32eb,93
456d25a333,93
b089805a79,93
8493d6e666,92
dd9d4f6ce0,92
f3dee2d26b,92
afded450bb,92
e8f3db831c,92
9ff6991a98,92
9a322ac6b2,92
92eebc296c,92
d33653e1aa,92
dcf4b4a3f1,92
c05783360d,92
6319f5b7d8,92
05fcfedb31,92
cff3f2f2d5,92
aeb7c522b1,92
e18b9789cc,92
9c9c6a7ed0,92
013bc683d6,92
fac762cafa,92
ffccc1dd3a,92
641ba6bfef,92
c7c5696676,92
5682b4310f,92
837bb3d384,92
b830809007,92
e88b4ea2d4,92
c11af39f36,92
3ca14f1a34,92
6f13a81b66,92
6b2971acf4,92
8bd0bb980b,92
91155fcf41,92
30a521ae18,92
2519bae1bc,91
27c7c64abf,91
187a1bea1a,91
cb872ee880,91
b30b336d72,91
3285415f08,91
9948bcdae7,91
c1cd46a682,91
c3b0155e78,91
a0d249743f,91
6533b3154d,91
8f4044a455,91
cd6fcbb624,91
333e61c6c4,91
2aa2338e4f,91
bc681cfafd,91
9d5af810a8,91
e098094132,91
65b9380d13,91
987f3f67d5,91
2d83b755df,91
7f84983e55,91
2a7a8aa002,91
7d4e2778e7,90
351e501316,90
387feaf38c,90
2f169ca376,90
a783f3ed0e,90
f0670d62a0,90
72962aae4d,90
cafb39368d,90
ab2cea309e,90
8480854cf0,90
34efd81fdd,90
1868e9ef4e,90
33ade1f666,90
20ec36f14f,90
6a8b6c25dd,90
ff94fec6b3,90
3abbc28e1a,90
ba81bd62f2,90
cf18b0b77a,90
8a52b2db22,90
d635b18ec5,90
a9afb79cad,90
42204c8d2a,90
06b06f3924,90
0f727123e2,90
34a06dd9f1,90
a7b0fc9706,90
76b3a398a9,90
6415abfd6b,90
5da4faa1b1,90
dbddc871fd,90
c78ed1fbb8,90
b06650b75c,89
5b87a2ceb9,89
70496deaa6,89
30e423347b,89
eb59f61911,89
c9ed8d2726,89
bd7a51362f,89
ed1d8f2aba,89
eb9dbe1d0c,89
1fbace0fff,89
6ec248c3a7,89
98179cf973,89
2d45fd266c,89
22a45e8509,89
eb037e14b9,89
55dbdd436d,89
e6f85a88ca,89
1f61cae440,89
8029388969,89
4dba869108,89
2d0813bb39,89
b02f5b6189,89
df5d129111,89
dd20fd7fd9,89
8598b24f7e,89
a083109161,89
527f58b17f,89
c771b450a6,89
892989ea02,89
7f29f7280e,89
b3d485e071,89
4cefe76d47,89
1f28843278,89
c878fac8ba,89
d3d3633a19,88
f97b25aba0,88
bab6b7e6dc,88
ab177075f0,88
1b0efa0df9,88
af01831ead,88
050e7a943a,88
210997e34b,88
286d994817,88
7e57d34cc2,88
4c6eeabe33,88
f9b2b93485,88
8eafac4df9,88
29e548c4cb,88
da8bd47593,88
75e3c6b334,88
3c62128331,88
a0a9a448bb,88
1a32dd5d37,88
dea5bcaf08,88
ed2f2b28f2,88
3216c319f2,88
5ff2b0da18,88
b7d4f8544e,88
f81e838d13,88
f86146a4c7,88
89e68c1c89,88
f3f76f53d7,88
c898f2071e,88
41890c5644,88
41f42c567f,88
418f265c48,88
2d53c3d671,88
febebb20a1,88
eb6f937914,87
9b7cf87703,87
0e28a2b0ae,87
932cd3066f,87
770327358f,87
80283c2645,87
bd0978e36d,87
facc550f09,87
01a7ce22a6,87
142a7b225f,87
bd0ab17d32,87
aff49d1868,87
586ca8920f,87
e65856b8c3,87
5cd4279812,87
138d4e5d80,87
3e55ffcefc,87
b75ca8453f,86
67bc4bea6d,86
15ce2bd5fe,86
aff1ca67a7,86
c6ca124228,86
a343e0d92e,86
97c1f05079,86
0fd5916d32,86
f9aeba2472,86
67ff81b52f,86
e8a6155f22,86
ee3bb8cfa6,86
2a8a83e600,86
ae4ab9d3f1,86
39a52712c1,86
f31ac65a8a,86
289753e55a,86
c89b46d5dc,86
a89b28fdb5,86
bee355ac4b,86
499b8df74e,86
8a2034cd5d,85
ba6a002c08,85
edc96a26ff,85
31d9dc67b2,85
6708e67207,85
eba3e490da,85
dddfe3e6c6,85
8326dbf677,85
e77c943a1e,85
eb23cddbaa,85
131baf8a0e,85
ec30fb5395,85
5783521248,85
b557cff399,85
10d62f7ee1,85
6ac9649639,85
272ae65050,85
6b15d5c378,85
fcffe01edf,85
17e4f36a6c,85
03df64b16b,85
b86ce050c9,85
5cb0fd246e,85
17e3635767,85
d77b28c63d,85
672aaafcad,85
8e8bfd9686,85
4520013666,85
0aa41227c0,85
e38e7b69e5,85
8eebc58c07,85
03c14a88a9,85
3244056ae0,85
50017f7b5f,85
55e81ebf3a,85
83c27623f1,84
bd5aeb18f5,84
3532bb2c9a,84
4ea1f51a1e,84
c88dcb8a85,84
056d07422e,84
c0e61c5499,84
7483db4df8,84
3f8c025ff9,84
1190b4de14,84
04be22752b,84
64e5d0d908,84
9b47acafb9,84
4205fb985d,84
70fa7f4b68,84
5ea1e66372,84
393d599080,84
1f54639c8c,84
7c1040954f,84
b0afdae83a,84
574746df90,84
fc8a52f745,84
b0b1d15751,84
8fdda0817c,84
70103fced5,84
7d9392758c,84
c3932ff664,83
5ede3162b1,83
c9563073bf,83
de0feb655a,83
616a206bb7,83
156a0ad14a,83
39485b2a90,83
02cfe6a97f,83
e942c4b4a5,83
ce2a9e827a,83
6bd0beab62,83
758ec8e448,83
20b47fc76a,83
ced1a489aa,83
f78358fe98,83
057d22c051,83
3e5c48399d,83
64742ef296,83
6a0db226cd,83
0083ea9ee8,83
5da04af03e,83
5a5a85b398,83
67cb72a78f,83
0b1d54eedf,83
b065c8b7dd,83
7663961ab3,83
7484242dbb,83
91f401b4ee,83
b5e6d1043e,83
34978f93a4,83
33894b3b7b,82
f8b107af08,82
5b847ed7c7,82
46d50d2b92,82
d82bfea873,82
d142ee8e31,82
5cd17c5ad3,82
fe57da0401,82
f9073c9590,82
1686c411de,82
96ca997215,82
6b902e5c03,82
3bb69ef512,82
0c12eba4a3,82
beb6ae1af6,82
3d5dda0852,82
3a8199aa49,82
3f94354698,82
03e65af457,82
227bb2eb0b,82
c46d051835,82
b8a9895901,82
d6bae4d480,82
c9d5d27c90,82
1f2f4dae6c,82
0c1ae83aa5,82
df3fd23a24,82
ad0b35a515,82
4e315f34c9,82
067d1b632a,82
2d556fc370,82
50488ffe36,82
e2353e8ffa,81
bea0c205f2,81
9bd7678408,81
9a69dd91ac,81
b26fc68284,81
48192b407b,81
5a9ee6fde0,81
f42ff729de,81
5717d4bb0b,81
bd2ba8859d,81
9ad9dc6b89,81
3f6ff2f1a8,81
466275f94a,81
1627cbf367,81
eea52a1fce,81
730469eded,81
030fa996e9,81
1923fc03c2,81
0bc67b7de3,81
bcb6c7fcf2,81
fa16b9b340,81
0c292bdbe8,81
574b9c74ed,81
9e7e16f1a8,81
1ce772ab20,81
b8e650c5a6,81
5ac9497461,81
287533253d,81
c4340272c9,81
00989681cd,81
9103c289e5,81
2c17931996,81
3f2eaf1ab1,81
1cf9326f6b,81
649fe0785a,81
cc694af7e3,81
cfc16e64e0,80
d9a83fa0a4,80
942b379564,80
ecad5087ae,80
07a1a23355,80
32965616bb,80
5212fc2824,80
eb0be40a43,80
7d4464df8f,80
071b2701f4,80
b376881509,80
4b57eb2d67,80
f3ede6f0d7,80
86e8d541a4,80
17f59f53d7,80
78d25f3493,80
faf905fde8,80
97033d3583,80
d5ed2921ba,80
0a47c0e44e,80
627d7a2813,80
517b19b89a,80
c53c8ddb77,80
6c7dbb3a5f,80
5f72e20688,80
8ee3d2dc0a,80
af52bb8e64,80
a2b74b421f,80
f0be76f647,80
260a2f8ce4,79
0bdfb8c540,79
e66a7fb4de,79
da4321650b,79
4f051ea440,79
0b333485fb,79
55062609e6,79
949c3192d8,79
b83dd2abea,79
3fbdd9142b,79
f377b485f9,79
f39a3572f0,79
ee1342583b,79
3966e077ee,79
1fd7a29ed4,79
d634ac1991,79
c1703719ca,79
1b345c58d7,79
fa468cff14,79
685c09615d,79
f54e02804d,79
1fa74693cc,79
c3a4beac2f,78
0050842234,78
9389f6429c,78
887f916774,78
90b1e8d44b,78
9e7b13862a,78
b6099d85c0,78
f5059eb904,78
87b5ab2d8b,78
7a1686c0c0,78
827cee48b5,78
384fb8a49e,78
37201c3553,78
7f5ca23d2e,78
7ed9b64219,78
b62113e68d,78
eea9342003,78
90d22655de,78
2aa9a5bbcf,78
171b765f71,78
2481781279,78
a09773f862,78
43e9b08aef,78
8359a267e1,78
b43f7131ba,78
c6737cfc19,78
d7258cb0d4,78
e18598db4f,78
e70345a6c8,77
ae69167536,77
500ce89916,77
c0352dcc5d,77
7320382010,77
b346b51b68,77
99b87a9d8f,77
432dc9756b,77
8e440b9856,77
a148e54d06,77
34e31992d5,77
8f47091b24,77
3f60b9fd21,77
f64dae57bf,77
e35af1050f,77
3b2e906ca3,77
e8c10ccd9e,77
64a6139570,77
0a9ed27b75,77
a365580ca3,77
1c0f578e87,77
16d2e47a00,77
60061c8b7d,77
ac84020b0b,77
10dcc6ef7a,77
d61e7aedf3,77
f0031f64af,77
dea1bff887,77
7216882983,77
57dcb5e14a,77
8cafc46a44,77
9ed505cf38,77
59861ae0e4,77
10a7ad8d83,77
c4ed6f93f6,76
198bde1e51,76
a7f6f47e12,76
dca3e4f84d,76
9225339cb7,76
945b20ad57,76
55b3b9a41f,76
de222199a3,76
449ded53c8,76
82ca90fd45,76
e6d73dbb1e,76
86e1ab23ec,76
fc732d9bf1,76
74f5391108,76
16224cf40c,76
8b9e36f23b,76
d38ac5f829,76
0e96c60f9b,76
5a56ed477b,76
6cb3b262d4,76
bf1aa98355,76
f15fd9af84,76
df16e833e6,76
b077e82347,76
5e5b089efb,76
3b351e40f8,76
3493e15850,76
8b80524977,76
239b0ae1c8,76
3e46235747,75
9a755a80b5,75
0c9f3d6c65,75
c41d405768,75
71c989abcb,75
c836c9c3b5,75
c6b9634517,75
b2671dd213,75
6deb0d5e32,75
6a4c37ad8d,75
35c17280e0,75
38cee67c2c,75
b3946e6c76,75
ab23cc1e7b,75
681a34b351,75
050a84dfb6,75
4d64842047,75
ee7c5f2765,75
fbb9740618,75
1fe2480bbe,75
f70084c005,75
6bac1c62b6,75
27136ed72f,75
d691ed17b2,75
74e32314af,75
140ffc1473,75
4b10031d46,75
d0853cd9c5,75
9969f538eb,75
744da69fe6,75
23dff2d846,75
a672cba880,75
43641e6c02,74
81d0c88df2,74
a955d57f09,74
c48ed22a1b,74
d65490c088,74
810a890504,74
b6d82e6292,74
8e3a54cc07,74
1ddc32c90b,74
86a42fa8d3,74
1654b66b9c,74
d5655af7cf,74
c78842373c,74
1c1ecfef3f,74
b182a4844d,74
fff59ecba0,74
0c6badfa4e,74
521f70712b,74
7da958d8a2,74
108c2e830c,74
ec105155f8,74
d38581f5c2,74
e59f767ee2,74
b8f39cdf99,74
0725176832,73
a8b532d25d,73
8d6bd76fa2,73
358bf11498,73
a7439ea281,73
366194b8f4,73
42737e6e19,73
22ea31d807,73
13202950c6,73
c99d983f67,73
b626e7b6bb,73
79622c8f40,73
f57c336e74,73
52f6147b77,73
f073dc729b,73
8b75cd334f,73
8466c41fe9,73
a99fdc44ba,73
e566a5523a,73
f494a4dd40,73
848a32b1b2,73
d694b03dda,73
ec9fe0dd0a,73
cf33fb02c8,73
a87d614639,73
2873b9f026,73
7ba03b423c,73
8e7e83d8f3,73
3fb67eebb8,73
bd5aa15f49,73
3f5f43aaf7,73
23862a0206,73
618ebf41e8,73
4aab955624,72
d8545e17b3,72
90942fb51e,72
0096a674fe,72
a4613500d6,72
c6e751a603,72
c1850a3fad,72
669e7d3252,72
05c4645ce9,72
0ae0bd01f1,72
a3f1ec0b76,72
d3fd08f60c,72
f527ac46e2,72
bf5d1c3397,72
9ac099324b,72
baa2d4fceb,72
b50245aec0,72
32db8266fd,72
d2bc90a659,72
74b4cf589c,72
9004e869a4,72
a133dae316,72
9fd7857a2c,72
4e0b5fa952,72
ed5bdc2d21,72
265ce7f507,72
1de35f449f,72
d574d0d685,72
156f33a78d,72
eb299be3bf,72
319afe7ca8,72
7ca4b1a433,72
ae760a5c35,72
fac86d4485,72
5d520d34c7,72
9d41282826,72
16f0af1949,71
8b349a6942,71
c6eb1ba985,71
27022f81af,71
5078d4a95f,71
8af0453a6c,71
1cdc2fc731,71
c7e97052e5,71
ba2a1b635c,71
92157e3479,71
46546dbc37,71
a2fd8745cb,71
36f3d89772,71
bfad5c75ea,71
9500181e3c,71
df893be37c,71
61c8a0f1ff,71
ae4ad86831,71
a1535135c2,71
de90356b41,71
473ddd81d2,71
555e744b5a,71
eac0e57039,71
4a04743483,71
7264327934,71
b7fe699178,71
a637894c7b,71
c3fc2df1fc,71
0af9224136,71
8e36092f73,71
3cdde9ba28,71
c48b59e592,71
dc2b8c56cf,71
0ddea6254e,71
1275fa5220,71
783a6c0788,71
34938802e1,71
4abcd3fa1d,71
d157f2a92e,71
2bf08be74d,71
676af2c479,71
f5afb0851a,70
c927845f8e,70
0648e624aa,70
9c9ead053e,70
2799bba917,70
b301a6cea2,70
003ec66337,70
2769390235,70
ba8fcc042d,70
16b11a10ad,70
f55b42b232,70
d6eca9bf50,70
c6fed90b89,70
9a1993ccdf,70
973c64c569,70
687d7340c1,70
d20921a3d9,70
aeb7231dfb,70
b4a6afd414,70
2639baf1e7,70
55b79d1f3a,70
7af61750d1,70
84e877be50,70
48af4f8ac0,70
a016ffa07c,70
295085a353,70
21a307c787,70
71708398b2,70
9e152f3c20,70
6b294d1b25,70
6b1f77b275,70
afd65059fa,70
843b8eb7c9,70
f842877905,70
0d68e7ae30,70
2ec1447ed7,69
26f3bc013c,69
506c0d10a9,69
cfcfd01194,69
01c6895f7c,69
fc07ee2ec3,69
ce0a9b0fb8,69
f87f88d2e7,69
c7f88fa3ec,69
ea20671509,69
a3b66ad9f2,69
fe1b602de4,69
839987babf,69
bc24c2a79a,69
e10c0117ec,69
6f3d102d56,69
7e01f0deda,69
8526dbdb29,69
035933fe54,69
88746d2b14,69
3cb71fd4aa,69
891ea1a129,69
28678c1ade,69
16068a41de,69
bace05e4df,69
4c7061baf4,69
3c99bfe811,69
0367ea26ba,69
89f47fd0e1,69
7b7368aa00,69
149ffbd63d,69
9e5908cfa9,69
4ab45d64e3,69
f3c71d2e44,69
9cb09b3699,69
83898df392,69
c5f77e0d09,69
7b23519ca0,69
ddda5714e2,69
44cf614706,69
6f19b2c8c9,68
a5539a15e4,68
d9265984c3,68
e5f9495fc8,68
99714b02f2,68
8fa90e46ed,68
423d63c2f4,68
34cc78403a,68
df261b90c5,68
18aa213ffb,68
fe770d15c6,68
24b6e6d5e6,68
ae7e151991,68
f37be34820,68
c30513c2a7,68
bd81bdeb8b,68
509c0f36b9,68
63ea50599c,68
8dd9ceb04e,68
e0a0218b3c,68
166c29c91e,68
3e3b8b56c3,68
6a54b3f3f1,68
734e646a57,68
bbfede46b7,68
049de5818b,68
969b5dc70f,68
763b218acf,68
6cabd3c67b,68
cf3b72c29c,68
701d814eca,68
e42e48860c,68
90cf556ca5,68
3b1846fe20,68
1319b06292,67
69de8aadc0,67
8ab55ee93e,67
0933907fff,67
f45c329416,67
6910225c1e,67
b869225c77,67
30badd0591,67
8755252c03,67
da96e1c5d0,67
e911009715,67
1782191f7b,67
ecbe2626e9,67
81668baf44,67
f8f4580413,67
f06f8bcbfb,67
1bcdd94440,67
e431aaf10e,67
1e097add9a,67
aa36730776,67
8ee0edcaf8,67
7d768d89fa,67
34517c430b,67
95c3ec24cd,67
37b350cff4,67
fae51b36f7,67
08fb0c023d,67
46a3ca6d10,67
12a455fcbd,67
5ebc272088,67
a9d6708b68,67
6b836b3155,67
1f394f3bf4,66
e63a4d7501,66
d71125b592,66
a6ac53dd3d,66
3bf0c71751,66
b73ed33a90,66
71011636d2,66
d09528e0c3,66
72bacc3ff4,66
1d2635d34b,66
3698b39ed9,66
a82a5d1601,66
b210830a06,66
7ddc979f9a,66
cd30b393d3,66
0b9c06b2e4,66
98bd883f4c,66
b55a3486ca,66
045f545f87,66
72ceb4fec9,66
dbee295660,66
d4fd7b8f8e,66
123fe4f499,66
d76832b618,66
6f3da2d125,66
e413a5370e,66
778bb81230,65
554bf66637,65
892d61ade8,65
d32dd30740,65
0bfbdd86f7,65
8e07629e45,65
e49b97fbbf,65
f3c86e54f9,65
434888b0f8,65
f6d1bed5b5,65
ee2192f3de,65
c1b80302f9,65
d637d47cc3,65
6cc2523648,65
6798bbf329,65
91c7835750,65
92e9c11a9f,65
7241ee5140,65
531a5c4771,65
2cbe8858da,65
416c9c0480,65
54ee74092d,65
345a106e80,65
7b5beae80e,65
e5b5b2f78b,65
f8ee946b49,65
4eed7a2f2c,65
74286ed488,65
6123e55b78,65
46f221a4bd,65
34d28b7cb2,65
d2668c5755,65
637cc700c6,65
3603626fe5,65
23f5d4ca9e,65
e889d541ec,65
6c885138f8,65
5ca41768d6,65
